<?xml version="1.0" encoding="UTF-8"?>

<databaseChangeLog
        xmlns="http://www.liquibase.org/xml/ns/dbchangelog"
        xmlns:xsi="http://www.w3.org/2001/XMLSchema-instance"
        xmlns:ext="http://www.liquibase.org/xml/ns/dbchangelog-ext"
        xsi:schemaLocation="http://www.liquibase.org/xml/ns/dbchangelog http://www.liquibase.org/xml/ns/dbchangelog/dbchangelog-3.8.xsd
        http://www.liquibase.org/xml/ns/dbchangelog-ext http://www.liquibase.org/xml/ns/dbchangelog/dbchangelog-ext.xsd">

    <!--
        Migrations that need to be executed after the upgrade has been completed and the 2.3 data model is present
    -->
    <changeSet id="rwandaemr-imb-setup-post-migration-stored-procedures" author="IMB" runAlways="true" runOnChange="true">
        <sqlFile path="sql/procedures.sql" relativeToChangelogFile="true" endDelimiter="#"/>
    </changeSet>
    <include file="migrate-order-sets.xml" relativeToChangelogFile="true" />
    <!--<include file="migrate-units.xml" relativeToChangelogFile="true" />-->
    <!--<include file="migrate-frequencies.xml" relativeToChangelogFile="true" />-->
    <!--<include file="migrate-frequencies-pharmacy.xml" relativeToChangelogFile="true" />-->
    <include file="migrate-care-settings.xml" relativeToChangelogFile="true" />
    <include file="add-privileges-to-anonymous-role.xml" relativeToChangelogFile="true" />
    <!--<include file="ensure-concept-sources-configured.xml" relativeToChangelogFile="true" />-->
    <include file="update-search-index.xml" relativeToChangelogFile="true" />
    <!--<include file="add-privileges-to-clinician-role.xml" relativeToChangelogFile="true" />-->
    <!--<include file="remove-non-coded-units-and-frequencies.xml" relativeToChangelogFile="true" />-->
    <!--<include file="update-id-generation-max-and-min-length.xml" relativeToChangelogFile="true" />-->
    <include file="update-global-properties.xml" relativeToChangelogFile="true" />

</databaseChangeLog>
