<assembly xmlns="http://maven.apache.org/ASSEMBLY/2.1.0"
          xmlns:xsi="http://www.w3.org/2001/XMLSchema-instance"
          xsi:schemaLocation="http://maven.apache.org/ASSEMBLY/2.1.0 http://maven.apache.org/xsd/assembly-2.1.0.xsd">
    <id>installer</id>
    <formats>
        <format>zip</format>
    </formats>
    <baseDirectory>${artifactId}-${version}</baseDirectory>
    <fileSets>
        <fileSet>
            <directory>src/main/resources</directory>
            <outputDirectory>.</outputDirectory>
            <includes>
                <include>**/*</include>
            </includes>
        </fileSet>
    </fileSets>
</assembly>
