<?xml version="1.0" encoding="UTF-8"?>

<databaseChangeLog
        xmlns="http://www.liquibase.org/xml/ns/dbchangelog"
        xmlns:xsi="http://www.w3.org/2001/XMLSchema-instance"
        xsi:schemaLocation="http://www.liquibase.org/xml/ns/dbchangelog http://www.liquibase.org/xml/ns/dbchangelog/dbchangelog-3.8.xsd">

    <changeSet id="rwandaemr-imb-create-route-concept-set" author="IMB">
        <preConditions onFail="MARK_RAN">
            <sqlCheck expectedResult="0">
                select count(*) from concept where uuid = '162394AAAAAAAAAAAAAAAAAAAAAAAAAAAAAA'
            </sqlCheck>
        </preConditions>
        <sql>
            set @routeConceptUuid = '162394AAAAAAAAAAAAAAAAAAAAAAAAAAAAAA';
            call ensure_concept(@routeConceptUuid, 'N/A', 'ConvSet', 1);
            call ensure_concept_name('84d6759c-d819-11ea-8a42-0242ac110002', @routeConceptUuid, 'Routes of administration', 'FULLY_SPECIFIED');
        </sql>
    </changeSet>

    <changeSet id="rwandaemr-imb-ensure-unspecified-concept" author="IMB">
        <preConditions onFail="MARK_RAN">
            <sqlCheck expectedResult="0">
                select count(*) from concept where uuid = '80b5da4c-59ae-4a48-a822-f29712ed4bd5'
            </sqlCheck>
        </preConditions>
        <sql>
            set @unspecifiedUuid = '80b5da4c-59ae-4a48-a822-f29712ed4bd5';
            call ensure_concept(@unspecifiedUuid, 'N/A', 'Misc', 0);
            call ensure_concept_name('7d68b23f-cf07-402c-8f06-77ca7987b0b0', @unspecifiedUuid, 'Unspecified', 'FULLY_SPECIFIED');
        </sql>
    </changeSet>

    <changeSet id="rwandaemr-imb-migrate-null-routes-to-unspecified" author="IMB">
        <preConditions onFail="MARK_RAN">
            <and>
                <tableExists tableName="orderextension_order"/>
                <tableExists tableName="orderextension_order_set_member"/>
            </and>
        </preConditions>
        <sql>
            select concept_id into @unspecifiedConceptId from concept where uuid = '80b5da4c-59ae-4a48-a822-f29712ed4bd5';
            update orderextension_order set route = @unspecifiedConceptId where route is null;
            update orderextension_order_set_member set route = @unspecifiedConceptId where route is null;
        </sql>
    </changeSet>

    <changeSet id="rwandaemr-imb-populate-route-concept-set" author="IMB">
        <sql>
            set @routeConceptUuid = '162394AAAAAAAAAAAAAAAAAAAAAAAAAAAAAA';
            select concept_id into @routeSetId from concept where uuid = @routeConceptUuid;

            delete from concept_set where concept_set = @routeSetId;

            insert into concept_set (concept_id, concept_set, sort_weight, creator, date_created, uuid)
                select  distinct r.route, @routeSetId, 1, 1, now(), uuid()
                from
                (
                    select route from orderextension_order_set_member
                    union
                    select route from orderextension_order
                )
                r
                where r.route is not null;

            call ensure_global_property(
                'order.drugRoutesConceptUuid',
                @routeConceptUuid,
                'Specifies the uuid of the concept set where its members represent the possible drug routes'
            );
        </sql>
    </changeSet>

</databaseChangeLog>
